student,2021-10-06 14:00:00,2021-10-06 16:30:00,2021-10-13 14:00:00,2021-10-13 16:30:00,2021-10-20 14:00:00,2021-10-20 16:30:00,2021-10-27 14:00:00,2021-10-27 16:30:00,2021-11-03 14:00:00,2021-11-03 16:30:00,2021-11-10 14:00:00,2021-11-10 16:30:00,2021-11-17 14:00:00,2021-11-17 16:30:00,2021-11-24 14:00:00,2021-11-24 16:30:00,2021-12-01 14:00:00,2021-12-01 16:30:00,2021-12-08 14:00:00,2021-12-08 16:30:00,2021-12-15 14:00:00,2021-12-15 16:30:00,2021-12-22 14:00:00,2021-12-22 16:30:00,2021-12-29 14:00:00,2021-12-29 16:30:00,2022-01-05 14:00:00,2022-01-05 16:30:00,2022-01-12 14:00:00,2022-01-12 16:30:00,2022-01-19 14:00:00,2022-01-19 16:30:00,2022-01-26 14:00:00,2022-01-26 16:30:00,2022-02-02 14:00:00,2022-02-02 16:30:00,2022-02-09 14:00:00,2022-02-09 16:30:00,2022-02-16 14:00:00,2022-02-16 16:30:00,2022-02-23 14:00:00,2022-02-23 16:30:00,2022-03-02 14:00:00,2022-03-02 16:30:00,2022-03-09 14:00:00,2022-03-09 16:30:00,2022-03-16 14:00:00,2022-03-16 16:30:00,2022-03-23 14:00:00,2022-03-23 16:30:00,2022-03-30 14:00:00,2022-03-30 16:30:00,2022-04-06 14:00:00,2022-04-06 16:30:00,2022-04-13 14:00:00,2022-04-13 16:30:00,2022-04-20 14:00:00,2022-04-20 16:30:00,2022-04-27 14:00:00,2022-04-27 16:30:00,2022-05-04 14:00:00,2022-05-04 16:30:00,2022-05-11 14:00:00,2022-05-11 16:30:00,2022-05-18 14:00:00,2022-05-18 16:30:00,2022-05-25 14:00:00,2022-05-25 16:30:00,2022-06-01 14:00:00,2022-06-01 16:30:00,2022-06-08 14:00:00
aarron halliday,Late,Present,Present,Present,Present,Absent,Very Late,Late,Present,Present,Absent,Late,Late,Very Late,Absent,Present,Present,Absent,Very Late,,,,,,,,,,,,,,,,,,,,,,,,,,,,,,,,,,,,,,,,,,,,,,,,,,,,
abdullah johnson,Very Late,Late,Absent,Late,Present,Present,Present,Present,Present,Present,Late,Present,Late,Late,Present,Present,Absent,Absent,Late,,,,,,,,,,,,,,,,,,,,,,,,,,,,,,,,,,,,,,,,,,,,,,,,,,,,
albert winters,Absent,Late,Late,Late,Late,Late,Very Late,Present,Very Late,Late,Present,Very Late,Present,Present,Present,Late,Present,Present,Present,,,,,,,,,,,,,,,,,,,,,,,,,,,,,,,,,,,,,,,,,,,,,,,,,,,,
aleah benitez,Absent,Absent,Present,Late,Present,Present,Late,Present,Present,Absent,Late,Present,Late,Present,Late,Present,Present,Present,Late,,,,,,,,,,,,,,,,,,,,,,,,,,,,,,,,,,,,,,,,,,,,,,,,,,,,
amelia-rose webber,Absent,Late,Present,Late,Present,Late,Late,Very Late,Present,Late,Present,Present,Very Late,Present,Present,Late,Late,Present,Present,,,,,,,,,,,,,,,,,,,,,,,,,,,,,,,,,,,,,,,,,,,,,,,,,,,,
anna-marie pennington,Present,Late,Late,Late,Present,Late,Late,Very Late,Absent,Late,Present,Present,Late,Absent,Absent,Late,Late,Present,Very Late,,,,,,,,,,,,,,,,,,,,,,,,,,,,,,,,,,,,,,,,,,,,,,,,,,,,
anne-marie gross,Very Late,Very Late,Present,Absent,Late,Absent,Present,Present,Late,Late,Late,Present,Present,Late,Very Late,Late,Present,Very Late,Present,,,,,,,,,,,,,,,,,,,,,,,,,,,,,,,,,,,,,,,,,,,,,,,,,,,,
axl gilliam,Late,Present,Present,Late,Very Late,Present,Absent,Present,Present,Present,Late,Late,Very Late,Very Late,Present,Late,Late,Present,Very Late,,,,,,,,,,,,,,,,,,,,,,,,,,,,,,,,,,,,,,,,,,,,,,,,,,,,
azra atkins,Present,Late,Present,Present,Late,Very Late,Present,Very Late,Late,Late,Present,Present,Present,Present,Present,Very Late,Late,Present,Present,,,,,,,,,,,,,,,,,,,,,,,,,,,,,,,,,,,,,,,,,,,,,,,,,,,,
bella-rose anderson,Present,Present,Present,Late,Late,Late,Late,Very Late,Present,Late,Present,Present,Present,Late,Present,Late,Present,Present,Late,,,,,,,,,,,,,,,,,,,,,,,,,,,,,,,,,,,,,,,,,,,,,,,,,,,,
blossom petersen,Present,Absent,Present,Late,Late,Present,Present,Present,Late,Present,Absent,Very Late,Absent,Present,Present,Present,Absent,Present,Present,,,,,,,,,,,,,,,,,,,,,,,,,,,,,,,,,,,,,,,,,,,,,,,,,,,,
cassie collins,Absent,Present,Present,Late,Very Late,Present,Present,Present,Present,Present,Present,Present,Late,Late,Present,Present,Present,Present,Present,,,,,,,,,,,,,,,,,,,,,,,,,,,,,,,,,,,,,,,,,,,,,,,,,,,,
catriona pitts,Late,Absent,Present,Present,Present,Present,Late,Late,Present,Present,Present,Very Late,Present,Late,Present,Absent,Present,Present,Present,,,,,,,,,,,,,,,,,,,,,,,,,,,,,,,,,,,,,,,,,,,,,,,,,,,,
edwin weir,Present,Present,Late,Absent,Absent,Very Late,Very Late,Present,Absent,Late,Very Late,Present,Present,Present,Very Late,Present,Very Late,Present,Late,,,,,,,,,,,,,,,,,,,,,,,,,,,,,,,,,,,,,,,,,,,,,,,,,,,,
enoch boyd,Present,Late,Present,Present,Late,Very Late,Late,Present,Present,Absent,Very Late,Present,Late,Late,Present,Absent,Very Late,Very Late,Absent,,,,,,,,,,,,,,,,,,,,,,,,,,,,,,,,,,,,,,,,,,,,,,,,,,,,
eryn davie,Absent,Present,Very Late,Present,Very Late,Late,Present,Late,Present,Very Late,Present,Very Late,Absent,Present,Present,Late,Present,Late,Late,,,,,,,,,,,,,,,,,,,,,,,,,,,,,,,,,,,,,,,,,,,,,,,,,,,,
filip doyle,Present,Late,Absent,Very Late,Late,Present,Very Late,Present,Present,Present,Late,Present,Present,Late,Very Late,Present,Present,Present,Present,,,,,,,,,,,,,,,,,,,,,,,,,,,,,,,,,,,,,,,,,,,,,,,,,,,,
fraya short,Late,Present,Present,Absent,Present,Very Late,Late,Late,Late,Late,Present,Present,Present,Present,Late,Absent,Present,Very Late,Late,,,,,,,,,,,,,,,,,,,,,,,,,,,,,,,,,,,,,,,,,,,,,,,,,,,,
geraldine wilkins,Present,Absent,Present,Present,Present,Absent,Late,Late,Present,Present,Late,Absent,Present,Present,Present,Late,Late,Late,Absent,,,,,,,,,,,,,,,,,,,,,,,,,,,,,,,,,,,,,,,,,,,,,,,,,,,,
haleema nairn,Absent,Very Late,Absent,Present,Late,Late,Present,Very Late,Present,Present,Late,Late,Present,Late,Present,Present,Very Late,Late,Late,,,,,,,,,,,,,,,,,,,,,,,,,,,,,,,,,,,,,,,,,,,,,,,,,,,,
hamaad peterson,Present,Present,Present,Very Late,Very Late,Present,Present,Very Late,Present,Present,Late,Very Late,Present,Present,Present,Present,Present,Present,Late,,,,,,,,,,,,,,,,,,,,,,,,,,,,,,,,,,,,,,,,,,,,,,,,,,,,
hayleigh richmond,Late,Late,Present,Late,Present,Late,Absent,Present,Late,Late,Late,Very Late,Present,Absent,Present,Present,Present,Present,Present,,,,,,,,,,,,,,,,,,,,,,,,,,,,,,,,,,,,,,,,,,,,,,,,,,,,
jakub ayers,Present,Late,Absent,Absent,Late,Present,Present,Present,Absent,Present,Present,Present,Late,Very Late,Late,Late,Present,Present,Late,,,,,,,,,,,,,,,,,,,,,,,,,,,,,,,,,,,,,,,,,,,,,,,,,,,,
jasper alston,Present,Late,Very Late,Late,Late,Absent,Present,Absent,Late,Present,Present,Present,Present,Present,Late,Present,Late,Present,Late,,,,,,,,,,,,,,,,,,,,,,,,,,,,,,,,,,,,,,,,,,,,,,,,,,,,
jaydn brady,Present,Absent,Absent,Present,Absent,Present,Very Late,Absent,Present,Late,Absent,Present,Present,Late,Present,Late,Present,Present,Absent,,,,,,,,,,,,,,,,,,,,,,,,,,,,,,,,,,,,,,,,,,,,,,,,,,,,
karson orr,Present,Absent,Present,Present,Absent,Absent,Present,Present,Present,Very Late,Late,Late,Absent,Present,Very Late,Present,Present,Present,Late,,,,,,,,,,,,,,,,,,,,,,,,,,,,,,,,,,,,,,,,,,,,,,,,,,,,
kaylum horne,Absent,Present,Very Late,Very Late,Late,Absent,Present,Late,Present,Late,Present,Absent,Very Late,Very Late,Present,Present,Present,Late,Present,,,,,,,,,,,,,,,,,,,,,,,,,,,,,,,,,,,,,,,,,,,,,,,,,,,,
keavy castaneda,Late,Absent,Late,Present,Late,Very Late,Present,Very Late,Late,Very Late,Absent,Very Late,Present,Present,Present,Late,Late,Absent,Present,,,,,,,,,,,,,,,,,,,,,,,,,,,,,,,,,,,,,,,,,,,,,,,,,,,,
keeley millington,Late,Absent,Present,Late,Present,Present,Absent,Present,Late,Present,Present,Absent,Present,Present,Present,Absent,Present,Very Late,Absent,,,,,,,,,,,,,,,,,,,,,,,,,,,,,,,,,,,,,,,,,,,,,,,,,,,,
kurt powers,Very Late,Very Late,Present,Present,Very Late,Present,Present,Late,Late,Present,Late,Present,Late,Late,Absent,Late,Present,Absent,Present,,,,,,,,,,,,,,,,,,,,,,,,,,,,,,,,,,,,,,,,,,,,,,,,,,,,
kush sweet,Present,Present,Late,Late,Late,Very Late,Present,Late,Present,Very Late,Late,Absent,Very Late,Late,Late,Present,Present,Present,Present,,,,,,,,,,,,,,,,,,,,,,,,,,,,,,,,,,,,,,,,,,,,,,,,,,,,
leyton spooner,Present,Present,Present,Very Late,Late,Present,Present,Present,Present,Present,Present,Late,Late,Late,Late,Present,Absent,Late,Absent,,,,,,,,,,,,,,,,,,,,,,,,,,,,,,,,,,,,,,,,,,,,,,,,,,,,
mike joyner,Late,Absent,Absent,Late,Late,Late,Late,Present,Present,Absent,Late,Late,Present,Late,Late,Present,Present,Very Late,Present,,,,,,,,,,,,,,,,,,,,,,,,,,,,,,,,,,,,,,,,,,,,,,,,,,,,
moesha cooley,Present,Present,Very Late,Present,Late,Present,Present,Present,Present,Very Late,Late,Present,Present,Present,Late,Present,Present,Present,Late,,,,,,,,,,,,,,,,,,,,,,,,,,,,,,,,,,,,,,,,,,,,,,,,,,,,
nikita lucas,Late,Absent,Present,Present,Present,Present,Late,Present,Present,Present,Late,Absent,Present,Present,Absent,Very Late,Present,Present,Present,,,,,,,,,,,,,,,,,,,,,,,,,,,,,,,,,,,,,,,,,,,,,,,,,,,,
rachel branch,Present,Very Late,Present,Present,Very Late,Absent,Very Late,Absent,Present,Present,Present,Present,Absent,Absent,Present,Late,Late,Present,Present,,,,,,,,,,,,,,,,,,,,,,,,,,,,,,,,,,,,,,,,,,,,,,,,,,,,
raihan quintero,Late,Present,Present,Absent,Late,Present,Present,Late,Very Late,Late,Present,Absent,Absent,Late,Present,Very Late,Late,Late,Present,,,,,,,,,,,,,,,,,,,,,,,,,,,,,,,,,,,,,,,,,,,,,,,,,,,,
roan wade,Present,Present,Absent,Present,Present,Present,Present,Very Late,Present,Absent,Present,Late,Present,Late,Late,Absent,Present,Very Late,Present,,,,,,,,,,,,,,,,,,,,,,,,,,,,,,,,,,,,,,,,,,,,,,,,,,,,
robyn wheeler,Late,Very Late,Present,Present,Present,Present,Very Late,Present,Very Late,Late,Late,Present,Absent,Present,Present,Absent,Present,Present,Present,,,,,,,,,,,,,,,,,,,,,,,,,,,,,,,,,,,,,,,,,,,,,,,,,,,,
ross patton,Present,Absent,Late,Present,Present,Present,Absent,Late,Late,Present,Present,Late,Late,Absent,Present,Very Late,Present,Late,Very Late,,,,,,,,,,,,,,,,,,,,,,,,,,,,,,,,,,,,,,,,,,,,,,,,,,,,
samia quinn,Present,Present,Present,Present,Late,Present,Present,Very Late,Very Late,Very Late,Present,Present,Late,Present,Present,Present,Late,Present,Late,,,,,,,,,,,,,,,,,,,,,,,,,,,,,,,,,,,,,,,,,,,,,,,,,,,,
shanaya elliott,Late,Very Late,Present,Present,Late,Present,Present,Late,Present,Late,Present,Absent,Absent,Very Late,Present,Absent,Late,Present,Present,,,,,,,,,,,,,,,,,,,,,,,,,,,,,,,,,,,,,,,,,,,,,,,,,,,,
sherri north,Late,Present,Very Late,Present,Absent,Absent,Present,Late,Present,Present,Present,Present,Late,Late,Present,Present,Late,Present,Present,,,,,,,,,,,,,,,,,,,,,,,,,,,,,,,,,,,,,,,,,,,,,,,,,,,,
taine farmer,Late,Absent,Late,Late,Present,Late,Late,Absent,Late,Present,Present,Present,Present,Absent,Present,Present,Present,Late,Late,,,,,,,,,,,,,,,,,,,,,,,,,,,,,,,,,,,,,,,,,,,,,,,,,,,,
taryn beach,Present,Late,Late,Very Late,Absent,Present,Present,Present,Absent,Present,Absent,Very Late,Present,Present,Present,Present,Late,Absent,Present,,,,,,,,,,,,,,,,,,,,,,,,,,,,,,,,,,,,,,,,,,,,,,,,,,,,
vivek couch,Present,Present,Late,Late,Present,Present,Late,Absent,Present,Present,Present,Present,Absent,Absent,Present,Present,Present,Absent,Present,,,,,,,,,,,,,,,,,,,,,,,,,,,,,,,,,,,,,,,,,,,,,,,,,,,,
waleed valenzuela,Present,Absent,Present,Late,Late,Absent,Present,Late,Very Late,Present,Present,Present,Present,Present,Late,Late,Late,Present,Present,,,,,,,,,,,,,,,,,,,,,,,,,,,,,,,,,,,,,,,,,,,,,,,,,,,,
wyatt skinner,Absent,Late,Late,Late,Present,Present,Present,Absent,Late,Present,Very Late,Absent,Present,Present,Present,Absent,Absent,Present,Late,,,,,,,,,,,,,,,,,,,,,,,,,,,,,,,,,,,,,,,,,,,,,,,,,,,,
yuvaan delgado,Late,Present,Late,Present,Present,Present,Late,Present,Late,Late,Late,Present,Late,Very Late,Late,Very Late,Absent,Present,Present,,,,,,,,,,,,,,,,,,,,,,,,,,,,,,,,,,,,,,,,,,,,,,,,,,,,
zoe turner,Present,Late,Present,Present,Present,Present,Late,Late,Absent,Very Late,Absent,Very Late,Late,Present,Present,Late,Late,Very Late,Absent,,,,,,,,,,,,,,,,,,,,,,,,,,,,,,,,,,,,,,,,,,,,,,,,,,,,
