A,B,C,D,E,F,H,I,K,M
doyle filip,boyd enoch,north sherri,delgado yuvaan,horne kaylum,wheeler robyn,castaneda keavy,wade roan,orr karson,alston jasper
beach taryn,spooner leyton,valenzuela waleed,nairn haleema,millington keeley,collins cassie,anderson bella-rose,couch vivek,petersen blossom,quinn samia
cooley moesha,benitez aleah,farmer taine,wilkins geraldine,atkins azra,short fraya,pitts catriona,peterson hamaad,branch rachel,skinner wyatt
halliday aarron,joyner mike,richmond hayleigh,ayers jakub,elliott shanaya,davie eryn,gross anne-marie,johnson abdullah,brady jaydn,winters albert
powers kurt,webber amelia-rose,patton ross,weir edwin,gilliam axl,quintero raihan,sweet kush,lucas nikita,pennington anna-marie,turner zoe
