student,tp_1,tp_2,tp_3,tp_4
"FILIP, doyle",20,9,5,6
"ROSS, patton",13,8,5,11
"AZRA, atkins",8,5,5,14
"HAYLEIGH, richmond",5,7,5,7
"ROBYN, wheeler",6,8,5,14
"KAYLUM, horne",13,20,6,16
"ALBERT, winters",8,18,6,7
"ALEAH, benitez",17,20,6,17
"JAKUB, ayers",7,10,7,16
"ROAN, wade",20,9,7,12
"SHANAYA, elliott",12,7,7,8
"EDWIN, weir",16,20,7,18
"MIKE, joyner",14,11,7,5
"AXL, gilliam",15,19,8,16
"SAMIA, quinn",9,6,8,18
"KEELEY, millington",6,14,8,14
"AMELIA-ROSE, webber",12,9,9,19
"BLOSSOM, petersen",9,6,9,7
"RACHEL, branch",14,17,9,20
"LEYTON, spooner",16,12,9,11
"YUVAAN, delgado",13,18,10,15
"RAIHAN, quintero",17,16,10,19
"BELLA-ROSE, anderson",18,5,11,16
"KARSON, orr",5,9,11,9
"ENOCH, boyd",11,7,11,12
"JASPER, alston",14,7,11,11
"CASSIE, collins",5,18,11,8
"ANNA-MARIE, pennington",8,11,12,9
"JAYDN, brady",5,10,12,7
"ZOE, turner",15,17,12,17
"ANNE-MARIE, gross",13,15,13,19
"NIKITA, lucas",8,15,13,5
"VIVEK, couch",16,14,13,7
"KEAVY, castaneda",18,14,13,10
"KUSH, sweet",6,11,14,8
"WALEED, valenzuela",7,13,14,13
"FRAYA, short",17,14,14,20
"KURT, powers",18,5,15,13
"AARRON, halliday",13,19,16,20
"GERALDINE, wilkins",5,7,16,16
"MOESHA, cooley",10,11,16,14
"SHERRI, north",15,5,16,20
"ABDULLAH, johnson",16,11,17,9
"HALEEMA, nairn",7,10,18,15
"TARYN, beach",19,10,18,7
"CATRIONA, pitts",9,10,18,10
"HAMAAD, peterson",13,6,19,14
"WYATT, skinner",8,19,19,17
"TAINE, farmer",18,12,19,16
"ERYN, davie",5,6,20,11
