student,ds_1,ds_2
Keeley Millington,6,11
Taryn Beach,7,16
Leyton Spooner,15,10
Wyatt Skinner,20,6
Kaylum Horne,20,12
Rachel Branch,15,9
Waleed Valenzuela,5,16
Anne-Marie Gross,20,17
Shanaya Elliott,7,9
Eryn Davie,12,14
Vivek Couch,9,19
Roan Wade,20,20
Albert Winters,10,12
Taine Farmer,17,10
Jakub Ayers,16,20
Samia Quinn,13,12
Hamaad Peterson,10,20
Filip Doyle,5,11
Kurt Powers,16,16
Catriona Pitts,5,11
Moesha Cooley,20,6
Azra Atkins,12,11
Nikita Lucas,16,17
Kush Sweet,17,8
Sherri North,14,10
Jasper Alston,12,19
Robyn Wheeler,12,8
Edwin Weir,11,13
Raihan Quintero,10,12
Aarron Halliday,11,5
Enoch Boyd,15,20
Jaydn Brady,8,6
Axl Gilliam,13,12
Anna-Marie Pennington,11,7
Karson Orr,11,20
Zoe Turner,10,11
Keavy Castaneda,7,9
Abdullah Johnson,15,6
Hayleigh Richmond,8,17
Cassie Collins,6,5
Mike Joyner,17,9
Geraldine Wilkins,17,9
Ross Patton,13,15
Fraya Short,7,11
Haleema Nairn,14,15
Amelia-Rose Webber,20,16
Yuvaan Delgado,6,9
Bella-Rose Anderson,16,17
Aleah Benitez,12,12
Blossom Petersen,18,11
